{"stats":{"minecraft:killed_by":{"minecraft:player":1},"minecraft:custom":{"minecraft:interact_with_furnace":1,"minecraft:mob_kills":11,"minecraft:traded_with_villager":4,"minecraft:interact_with_crafting_table":7,"minecraft:bell_ring":6,"minecraft:time_since_death":15763,"minecraft:leave_game":1,"minecraft:sleep_in_bed":1,"minecraft:time_since_rest":11671,"minecraft:sprint_one_cm":199087,"minecraft:damage_taken":633,"minecraft:walk_one_cm":135110,"minecraft:drop":1,"minecraft:damage_dealt":1755,"minecraft:swim_one_cm":61577,"minecraft:talked_to_villager":3,"minecraft:fly_one_cm":663888,"minecraft:player_kills":1,"minecraft:open_chest":2,"minecraft:crouch_one_cm":8050,"minecraft:play_time":41247,"minecraft:deaths":1,"minecraft:sneak_time":1232,"minecraft:walk_under_water_one_cm":8517,"minecraft:jump":881,"minecraft:walk_on_water_one_cm":10467,"minecraft:total_world_time":41247,"minecraft:fall_one_cm":22437},"minecraft:killed":{"grimoireofgaia:toad":1,"minecraft:chicken":2,"naturalist:bass":1,"grimoireofgaia:matango":1,"minecraft:drowned":1,"crittersandcompanions:koi_fish":3,"minecraft:enderman":1,"minecraft:cow":1},"minecraft:crafted":{"minecraft:wooden_sword":1,"minecraft:crafting_table":1,"minecraft:spruce_planks":36,"minecraft:wooden_pickaxe":1,"minecraft:stone_axe":1,"minecraft:bread":24,"minecraft:air":0,"minecraft:stick":16,"minecraft:stone_pickaxe":2,"minecraft:wooden_axe":1,"minecraft:stone_sword":2},"minecraft:dropped":{"securitycraft:camera_monitor":1},"minecraft:mined":{"minecraft:crafting_table":2,"minecraft:spruce_leaves":1,"minecraft:blue_bed":1,"minecraft:purple_bed":2,"minecraft:spruce_log":21,"minecraft:pumpkin":4,"realmrpg_skeletons:devastated_skeleton":1,"minecraft:grass":1,"minecraft:coal_ore":28,"minecraft:stonecutter":1,"minecraft:stone":84,"minecraft:oak_leaves":2},"minecraft:used":{"naturalist:bass":1,"minecraft:stone_sword":21,"minecraft:stone_pickaxe":70,"minecraft:wooden_pickaxe":45,"minecraft:blue_bed":1,"minecraft:crafting_table":2,"minecraft:oak_wood":10,"minecraft:wooden_axe":20,"minecraft:bread":10,"securitycraft:sentry":1,"minecraft:stone_axe":2,"minecraft:purple_bed":2,"spartanweaponry:diamond_katana":23,"alexsmobs:spawn_egg_crow":3,"minecraft:potato":6},"minecraft:picked_up":{"minecraft:wooden_axe":1,"minecraft:crafting_table":2,"minecraft:feather":3,"minecraft:chicken":2,"minecraft:leather":1,"minecraft:brown_mushroom":1,"minecraft:wooden_pickaxe":1,"gravestone:obituary":1,"minecraft:blue_bed":1,"minecraft:raw_copper":2,"minecraft:wooden_sword":1,"naturalist:bass":1,"minecraft:bone":1,"minecraft:stonecutter":1,"minecraft:wheat_seeds":1,"minecraft:beef":3,"minecraft:stone_pickaxe":1,"crittersandcompanions:koi_fish":5,"minecraft:iron_nugget":2,"crittersandcompanions:clam":1,"minecraft:egg":1,"minecraft:pumpkin":4,"minecraft:spruce_log":22,"minecraft:grass_block":1,"forbidden_arcanus:ender_pearl_fragment":2,"minecraft:purple_bed":2,"minecraft:slime_ball":2,"minecraft:coal":27,"minecraft:cobblestone":84,"minecraft:sunflower":1}},"DataVersion":3465}