{"stats":{"minecraft:killed_by":{"minecraft:player":1,"grimoireofgaia:cyclops":1},"minecraft:custom":{"minecraft:interact_with_furnace":32,"spartanshields:shield_bash_hits":2,"minecraft:mob_kills":13,"minecraft:traded_with_villager":4,"minecraft:interact_with_crafting_table":23,"minecraft:bell_ring":24,"minecraft:time_since_death":22564,"minecraft:leave_game":1,"minecraft:sleep_in_bed":2,"minecraft:time_since_rest":20883,"minecraft:sprint_one_cm":294387,"minecraft:damage_taken":1278,"minecraft:walk_one_cm":218558,"minecraft:damage_blocked_by_shield":300,"minecraft:drop":43,"minecraft:damage_dealt":2892,"minecraft:swim_one_cm":61577,"minecraft:talked_to_villager":4,"minecraft:fly_one_cm":765249,"minecraft:player_kills":1,"minecraft:open_chest":3,"minecraft:crouch_one_cm":19172,"minecraft:play_time":65247,"minecraft:deaths":2,"minecraft:sneak_time":2932,"minecraft:walk_under_water_one_cm":8517,"minecraft:jump":1375,"minecraft:walk_on_water_one_cm":12679,"minecraft:total_world_time":65247,"minecraft:fall_one_cm":37538},"minecraft:killed":{"grimoireofgaia:toad":1,"grimoireofgaia:mimic":1,"minecraft:chicken":2,"bloodandmadness:huntsman_axe":1,"naturalist:bass":1,"grimoireofgaia:matango":1,"minecraft:drowned":1,"crittersandcompanions:koi_fish":3,"minecraft:enderman":1,"minecraft:cow":1},"minecraft:crafted":{"minecraft:wooden_sword":1,"minecraft:crafting_table":1,"minecraft:spruce_planks":60,"minecraft:wooden_pickaxe":1,"minecraft:furnace":4,"minecraft:stone_axe":1,"minecraft:bread":24,"minecraft:air":0,"minecraft:iron_leggings":1,"minecraft:iron_chestplate":1,"minecraft:shield":2,"minecraft:iron_ingot":18,"minecraft:gold_ingot":1,"minecraft:stick":24,"minecraft:stone_pickaxe":2,"minecraft:wooden_axe":1,"minecraft:stone_sword":2,"minecraft:torch":32},"minecraft:dropped":{"minecraft:spruce_sign":2,"minecraft:iron_ingot":8,"crittersandcompanions:clam":1,"minecraft:stone_sword":1,"minecraft:raw_copper":78,"minecraft:crafting_table":1,"minecraft:chicken":2,"minecraft:feather":3,"minecraft:leather":6,"minecraft:cooked_mutton":2,"alexsmobs:raw_catfish":3,"minecraft:potato":2,"minecraft:gray_wool":1,"minecraft:shield":1,"minecraft:rose_bush":1,"minecraft:gold_nugget":1,"grimoireofgaia:fur":6,"minecraft:pumpkin":5,"minecraft:wooden_axe":2,"minecraft:wooden_sword":4,"minecraft:sunflower":2,"gravestone:obituary":3,"securitycraft:camera_monitor":1,"minecraft:beef":3,"minecraft:stone_pickaxe":1,"minecraft:wooden_pickaxe":2,"minecraft:iron_pickaxe":1,"minecraft:white_wool":3,"minecraft:gold_ingot":4,"minecraft:egg":1},"minecraft:mined":{"minecraft:spruce_planks":1,"minecraft:crafting_table":3,"gravestone:gravestone":1,"minecraft:grass_block":1,"iceandfire:deepslate_silver_ore":1,"minecraft:cobblestone":5,"biomesoplenty:sprout":6,"minecraft:spruce_leaves":1,"minecraft:wall_torch":1,"minecraft:blue_bed":1,"minecraft:purple_bed":2,"minecraft:furnace":4,"minecraft:cobblestone_wall":1,"minecraft:iron_ore":1,"minecraft:deepslate_iron_ore":6,"minecraft:spruce_log":27,"minecraft:deepslate_lapis_ore":2,"minecraft:pumpkin":4,"realmrpg_skeletons:devastated_skeleton":1,"minecraft:grass":1,"minecraft:coal_ore":38,"minecraft:stonecutter":1,"minecraft:stone":108,"minecraft:deepslate":43,"minecraft:oak_leaves":3},"minecraft:used":{"naturalist:bass":1,"minecraft:cooked_mutton":1,"minecraft:stone_sword":40,"minecraft:stone_pickaxe":133,"minecraft:shield":5,"minecraft:wooden_pickaxe":45,"minecraft:blue_bed":1,"minecraft:torch":48,"minecraft:dirt":6,"minecraft:crafting_table":3,"minecraft:oak_wood":10,"minecraft:wooden_axe":22,"minecraft:bread":20,"minecraft:iron_pickaxe":34,"securitycraft:sentry":1,"minecraft:stone_axe":15,"minecraft:cobblestone":49,"minecraft:purple_bed":2,"minecraft:furnace":4,"spartanweaponry:diamond_katana":23,"alexsmobs:spawn_egg_crow":3,"minecraft:potato":6,"minecraft:cobbled_deepslate":1,"minecraft:pumpkin":3},"minecraft:picked_up":{"minecraft:wooden_axe":5,"minecraft:crafting_table":3,"minecraft:feather":9,"minecraft:chicken":6,"minecraft:leather":10,"minecraft:brown_mushroom":1,"minecraft:wooden_pickaxe":5,"minecraft:potato":1,"gravestone:obituary":6,"minecraft:lapis_lazuli":41,"minecraft:dirt":7,"minecraft:blue_bed":1,"minecraft:raw_copper":48,"minecraft:wooden_sword":7,"minecraft:cooked_mutton":4,"naturalist:bass":1,"minecraft:bone":1,"minecraft:stonecutter":2,"minecraft:wheat_seeds":2,"minecraft:cobbled_deepslate":45,"minecraft:spruce_planks":1,"minecraft:iron_ingot":4,"minecraft:beef":3,"minecraft:stone_pickaxe":4,"minecraft:rose_bush":2,"crittersandcompanions:koi_fish":5,"minecraft:iron_nugget":3,"crittersandcompanions:clam":1,"minecraft:furnace":4,"minecraft:egg":3,"minecraft:raw_iron":7,"minecraft:pumpkin":17,"minecraft:torch":2,"minecraft:arrow":2,"minecraft:spruce_log":28,"minecraft:grass_block":1,"forbidden_arcanus:ender_pearl_fragment":2,"alexsmobs:raw_catfish":6,"minecraft:pumpkin_seeds":3,"minecraft:purple_bed":2,"minecraft:slime_ball":2,"minecraft:stone_axe":1,"minecraft:bread":4,"minecraft:gray_wool":1,"minecraft:spruce_sign":3,"minecraft:coal":44,"iceandfire:raw_silver":1,"minecraft:cobblestone":114,"minecraft:sunflower":4}},"DataVersion":3465}