{"stats":{"minecraft:killed_by":{"minecraft:player":1},"minecraft:custom":{"minecraft:time_since_rest":0,"minecraft:sprint_one_cm":130308,"minecraft:damage_taken":393,"minecraft:walk_one_cm":96440,"minecraft:mob_kills":3,"minecraft:drop":1,"minecraft:damage_dealt":1096,"minecraft:player_kills":1,"minecraft:interact_with_crafting_table":4,"minecraft:swim_one_cm":25482,"minecraft:fly_one_cm":475323,"minecraft:open_chest":2,"minecraft:crouch_one_cm":7615,"minecraft:play_time":29247,"minecraft:deaths":1,"minecraft:sneak_time":1131,"minecraft:walk_under_water_one_cm":3594,"minecraft:jump":461,"minecraft:leave_game":1,"minecraft:walk_on_water_one_cm":1616,"minecraft:time_since_death":3763,"minecraft:sleep_in_bed":1,"minecraft:total_world_time":29247,"minecraft:fall_one_cm":5786},"minecraft:killed":{"grimoireofgaia:toad":1,"grimoireofgaia:matango":1,"minecraft:enderman":1},"minecraft:crafted":{"minecraft:wooden_sword":1,"minecraft:crafting_table":1,"minecraft:spruce_planks":24,"minecraft:stick":8,"minecraft:wooden_pickaxe":1,"minecraft:stone_pickaxe":1,"minecraft:wooden_axe":1,"minecraft:stone_sword":1},"minecraft:dropped":{"securitycraft:camera_monitor":1},"minecraft:used":{"minecraft:wooden_axe":13,"minecraft:stone_sword":5,"minecraft:stone_pickaxe":28,"minecraft:wooden_pickaxe":45,"minecraft:blue_bed":1,"securitycraft:sentry":1,"minecraft:purple_bed":1,"minecraft:crafting_table":2,"spartanweaponry:diamond_katana":23,"alexsmobs:spawn_egg_crow":3,"minecraft:oak_wood":10,"minecraft:potato":6},"minecraft:mined":{"minecraft:purple_bed":1,"minecraft:spruce_log":18,"minecraft:crafting_table":1,"minecraft:stonecutter":1,"minecraft:spruce_leaves":1,"minecraft:stone":71,"minecraft:blue_bed":1},"minecraft:picked_up":{"minecraft:wooden_axe":1,"minecraft:crafting_table":1,"minecraft:brown_mushroom":1,"minecraft:wooden_pickaxe":1,"gravestone:obituary":1,"minecraft:grass_block":1,"minecraft:spruce_log":19,"minecraft:blue_bed":1,"minecraft:wooden_sword":1,"forbidden_arcanus:ender_pearl_fragment":2,"minecraft:purple_bed":1,"minecraft:slime_ball":2,"minecraft:stonecutter":1,"minecraft:stone_pickaxe":1,"minecraft:iron_nugget":2,"minecraft:cobblestone":71}},"DataVersion":3465}