{"stats":{"minecraft:killed_by":{"minecraft:player":1,"grimoireofgaia:cyclops":1},"minecraft:custom":{"minecraft:interact_with_furnace":1,"minecraft:mob_kills":12,"minecraft:traded_with_villager":4,"minecraft:interact_with_crafting_table":7,"minecraft:bell_ring":24,"minecraft:time_since_death":10564,"minecraft:leave_game":1,"minecraft:sleep_in_bed":2,"minecraft:time_since_rest":8883,"minecraft:sprint_one_cm":241886,"minecraft:damage_taken":908,"minecraft:walk_one_cm":176731,"minecraft:drop":11,"minecraft:damage_dealt":2384,"minecraft:swim_one_cm":61577,"minecraft:talked_to_villager":4,"minecraft:fly_one_cm":725140,"minecraft:player_kills":1,"minecraft:open_chest":3,"minecraft:crouch_one_cm":17457,"minecraft:play_time":53247,"minecraft:deaths":2,"minecraft:sneak_time":2619,"minecraft:walk_under_water_one_cm":8517,"minecraft:jump":1159,"minecraft:walk_on_water_one_cm":10467,"minecraft:total_world_time":53247,"minecraft:fall_one_cm":32196},"minecraft:killed":{"grimoireofgaia:toad":1,"minecraft:chicken":2,"bloodandmadness:huntsman_axe":1,"naturalist:bass":1,"grimoireofgaia:matango":1,"minecraft:drowned":1,"crittersandcompanions:koi_fish":3,"minecraft:enderman":1,"minecraft:cow":1},"minecraft:crafted":{"minecraft:wooden_sword":1,"minecraft:crafting_table":1,"minecraft:spruce_planks":60,"minecraft:wooden_pickaxe":1,"minecraft:stone_axe":1,"minecraft:bread":24,"minecraft:air":0,"minecraft:stick":24,"minecraft:stone_pickaxe":2,"minecraft:wooden_axe":1,"minecraft:stone_sword":2,"minecraft:torch":32},"minecraft:dropped":{"minecraft:spruce_sign":1,"minecraft:iron_ingot":4,"minecraft:leather":3,"minecraft:cooked_mutton":2,"minecraft:potato":1,"minecraft:wooden_axe":1,"minecraft:wooden_sword":1,"minecraft:sunflower":1,"gravestone:obituary":1,"securitycraft:camera_monitor":1,"minecraft:wooden_pickaxe":1},"minecraft:mined":{"minecraft:crafting_table":2,"gravestone:gravestone":1,"minecraft:grass_block":1,"minecraft:cobblestone":1,"biomesoplenty:sprout":6,"minecraft:spruce_leaves":1,"minecraft:blue_bed":1,"minecraft:purple_bed":2,"minecraft:cobblestone_wall":1,"minecraft:spruce_log":27,"minecraft:pumpkin":4,"realmrpg_skeletons:devastated_skeleton":1,"minecraft:grass":1,"minecraft:coal_ore":38,"minecraft:stonecutter":1,"minecraft:stone":108,"minecraft:deepslate":3,"minecraft:oak_leaves":3},"minecraft:used":{"naturalist:bass":1,"minecraft:stone_sword":29,"minecraft:stone_pickaxe":109,"minecraft:wooden_pickaxe":45,"minecraft:blue_bed":1,"minecraft:torch":23,"minecraft:dirt":6,"minecraft:crafting_table":2,"minecraft:oak_wood":10,"minecraft:wooden_axe":20,"minecraft:bread":12,"securitycraft:sentry":1,"minecraft:stone_axe":15,"minecraft:cobblestone":41,"minecraft:purple_bed":2,"spartanweaponry:diamond_katana":23,"alexsmobs:spawn_egg_crow":3,"minecraft:potato":6,"minecraft:cobbled_deepslate":1,"minecraft:pumpkin":3},"minecraft:picked_up":{"minecraft:wooden_axe":4,"minecraft:crafting_table":2,"minecraft:feather":6,"minecraft:chicken":4,"minecraft:leather":7,"minecraft:brown_mushroom":1,"minecraft:wooden_pickaxe":4,"gravestone:obituary":4,"minecraft:dirt":7,"minecraft:blue_bed":1,"minecraft:raw_copper":34,"minecraft:wooden_sword":5,"minecraft:cooked_mutton":4,"naturalist:bass":1,"minecraft:bone":1,"minecraft:stonecutter":2,"minecraft:wheat_seeds":2,"minecraft:cobbled_deepslate":2,"minecraft:beef":3,"minecraft:stone_pickaxe":4,"minecraft:rose_bush":2,"crittersandcompanions:koi_fish":5,"minecraft:iron_nugget":2,"crittersandcompanions:clam":1,"minecraft:egg":3,"minecraft:pumpkin":17,"minecraft:torch":1,"minecraft:spruce_log":28,"minecraft:grass_block":1,"forbidden_arcanus:ender_pearl_fragment":2,"alexsmobs:raw_catfish":3,"minecraft:pumpkin_seeds":3,"minecraft:purple_bed":2,"minecraft:slime_ball":2,"minecraft:stone_axe":1,"minecraft:bread":4,"minecraft:gray_wool":1,"minecraft:spruce_sign":2,"minecraft:coal":37,"minecraft:cobblestone":110,"minecraft:sunflower":3}},"DataVersion":3465}