{"stats":{"minecraft:used":{"minecraft:wooden_axe":11,"minecraft:stone_sword":5,"minecraft:stone_pickaxe":16,"minecraft:wooden_pickaxe":10,"minecraft:wooden_sword":14,"minecraft:dirt":2,"minecraft:crafting_table":3,"minecraft:furnace":2,"minecraft:cooked_beef":2},"minecraft:custom":{"minecraft:time_since_rest":10618,"minecraft:interact_with_furnace":8,"minecraft:sprint_one_cm":34599,"minecraft:damage_taken":395,"minecraft:walk_one_cm":21913,"minecraft:mob_kills":7,"minecraft:damage_dealt":890,"minecraft:swim_one_cm":2277,"minecraft:interact_with_crafting_table":4,"minecraft:fly_one_cm":50366,"minecraft:crouch_one_cm":2993,"minecraft:play_time":14799,"minecraft:deaths":1,"minecraft:sneak_time":969,"minecraft:walk_under_water_one_cm":435,"minecraft:jump":315,"minecraft:leave_game":3,"minecraft:walk_on_water_one_cm":843,"minecraft:time_since_death":10591,"minecraft:total_world_time":14799,"minecraft:fall_one_cm":12933},"minecraft:mined":{"minecraft:birch_leaves":2,"minecraft:crafting_table":2,"gravestone:gravestone":1,"minecraft:grass":8,"minecraft:grass_block":7,"minecraft:oak_log":17,"minecraft:dirt":10,"minecraft:stone":26,"minecraft:sugar_cane":2,"minecraft:oak_leaves":11},"minecraft:crafted":{"minecraft:cooked_beef":2,"minecraft:wooden_sword":1,"minecraft:oak_planks":68,"minecraft:cooked_porkchop":1,"minecraft:crafting_table":2,"minecraft:stick":8,"minecraft:wooden_pickaxe":1,"minecraft:stone_pickaxe":1,"minecraft:wooden_axe":1,"minecraft:stone_sword":1,"minecraft:furnace":2,"minecraft:air":0},"minecraft:killed":{"minecraft:pig":2,"minecraft:creeper":1,"minecraft:cow":4},"minecraft:picked_up":{"minecraft:crafting_table":2,"minecraft:leather":6,"minecraft:porkchop":3,"minecraft:oak_log":17,"minecraft:gunpowder":1,"minecraft:dirt":39,"minecraft:arrow":3,"minecraft:wheat_seeds":3,"minecraft:beef":9,"minecraft:sugar_cane":6,"minecraft:cobblestone":26},"minecraft:killed_by":{"minecraft:skeleton":1}},"DataVersion":3465}