{"stats":{"minecraft:killed_by":{"minecraft:player":1,"realmrpg_demons:chort":1,"grimoireofgaia:cyclops":1,"minecraft:skeleton":1,"grimoireofgaia:mimic":1},"minecraft:custom":{"minecraft:mob_kills":19,"minecraft:interact_with_crafting_table":23,"minecraft:bell_ring":24,"minecraft:leave_game":2,"minecraft:time_since_death":5903,"minecraft:sprint_one_cm":402755,"minecraft:walk_one_cm":294879,"minecraft:damage_blocked_by_shield":1095,"minecraft:drop":44,"minecraft:talked_to_villager":6,"minecraft:play_time":80198,"minecraft:deaths":5,"minecraft:sneak_time":3125,"minecraft:walk_under_water_one_cm":9953,"minecraft:jump":1924,"minecraft:walk_on_water_one_cm":22031,"minecraft:total_world_time":80198,"minecraft:interact_with_furnace":32,"spartanshields:shield_bash_hits":4,"minecraft:traded_with_villager":4,"minecraft:sleep_in_bed":4,"minecraft:time_since_rest":38,"minecraft:damage_taken":2362,"minecraft:damage_dealt":4212,"minecraft:swim_one_cm":63676,"minecraft:fly_one_cm":900555,"minecraft:player_kills":1,"minecraft:open_chest":3,"minecraft:crouch_one_cm":20448,"minecraft:fall_one_cm":55011},"minecraft:killed":{"grimoireofgaia:toad":1,"grimoireofgaia:mimic":2,"minecraft:chicken":2,"naturalist:bass":1,"realmrpg_demons:chort":1,"bloodandmadness:huntsman_axe":1,"minecraft:drowned":1,"minecraft:trader_llama":1,"minecraft:zombie":3,"grimoireofgaia:matango":1,"crittersandcompanions:koi_fish":3,"minecraft:cow":1,"minecraft:enderman":1},"minecraft:crafted":{"minecraft:wooden_sword":1,"minecraft:furnace":4,"minecraft:stone_pickaxe":2,"minecraft:crafting_table":1,"minecraft:spruce_planks":60,"minecraft:wooden_pickaxe":1,"minecraft:stone_axe":1,"minecraft:bread":24,"minecraft:air":0,"minecraft:iron_chestplate":1,"minecraft:shield":2,"minecraft:stick":24,"minecraft:iron_ingot":18,"minecraft:wooden_axe":1,"minecraft:stone_sword":2,"minecraft:gold_ingot":1,"minecraft:iron_leggings":1,"minecraft:torch":32},"minecraft:dropped":{"minecraft:iron_ingot":8,"minecraft:spruce_sign":2,"crittersandcompanions:clam":1,"minecraft:crafting_table":1,"minecraft:feather":3,"minecraft:leather":6,"alexsmobs:raw_catfish":3,"minecraft:gray_wool":1,"minecraft:wooden_axe":2,"minecraft:rose_bush":1,"gravestone:obituary":3,"minecraft:wooden_sword":4,"minecraft:gold_nugget":1,"minecraft:pumpkin":5,"minecraft:sunflower":2,"minecraft:iron_pickaxe":1,"minecraft:white_wool":3,"minecraft:blue_bed":1,"minecraft:gold_ingot":4,"minecraft:stone_sword":1,"minecraft:raw_copper":78,"minecraft:chicken":2,"minecraft:cooked_mutton":2,"minecraft:potato":2,"minecraft:shield":1,"grimoireofgaia:fur":6,"securitycraft:camera_monitor":1,"minecraft:stone_pickaxe":1,"minecraft:beef":3,"minecraft:wooden_pickaxe":2,"minecraft:egg":1},"minecraft:used":{"minecraft:stone_sword":77,"minecraft:shield":19,"minecraft:rotten_flesh":2,"minecraft:torch":48,"minecraft:dirt":6,"minecraft:oak_wood":10,"minecraft:wooden_axe":22,"securitycraft:sentry":1,"minecraft:furnace":4,"spartanweaponry:diamond_katana":23,"minecraft:potato":6,"minecraft:cobbled_deepslate":17,"minecraft:pumpkin":3,"naturalist:bass":1,"minecraft:cooked_mutton":4,"minecraft:stone_pickaxe":139,"minecraft:wooden_pickaxe":45,"minecraft:blue_bed":1,"minecraft:crafting_table":3,"minecraft:bread":20,"minecraft:iron_pickaxe":34,"minecraft:stone_axe":15,"minecraft:cobblestone":57,"minecraft:purple_bed":5,"alexsmobs:spawn_egg_crow":3,"minecraft:andesite":1},"minecraft:mined":{"minecraft:spruce_planks":1,"gravestone:gravestone":3,"minecraft:grass_block":2,"iceandfire:deepslate_silver_ore":1,"minecraft:deepslate_bricks":1,"minecraft:spruce_leaves":1,"minecraft:furnace":4,"minecraft:iron_ore":1,"minecraft:andesite":1,"minecraft:pumpkin":4,"minecraft:deepslate_lapis_ore":2,"realmrpg_skeletons:devastated_skeleton":1,"minecraft:potatoes":2,"minecraft:deepslate_iron_ore":6,"minecraft:stone":111,"minecraft:crafting_table":3,"minecraft:cobblestone":5,"biomesoplenty:sprout":9,"minecraft:blue_bed":2,"minecraft:wall_torch":1,"minecraft:purple_bed":5,"minecraft:cobblestone_wall":1,"realmrpg_skeletons:webbed_skeleton":1,"minecraft:wheat":6,"minecraft:spruce_log":27,"minecraft:grass":1,"minecraft:coal_ore":38,"minecraft:cobweb":1,"minecraft:stonecutter":1,"minecraft:oak_leaves":4,"minecraft:deepslate":43},"minecraft:picked_up":{"minecraft:wooden_axe":5,"minecraft:crafting_table":3,"minecraft:wheat":4,"minecraft:chicken":6,"minecraft:brown_mushroom":1,"minecraft:wooden_pickaxe":5,"gravestone:obituary":6,"minecraft:string":5,"minecraft:raw_copper":48,"minecraft:wooden_sword":7,"minecraft:cobbled_deepslate":46,"minecraft:spruce_planks":1,"minecraft:beef":3,"crittersandcompanions:koi_fish":5,"minecraft:rose_bush":2,"minecraft:iron_nugget":3,"crittersandcompanions:clam":1,"minecraft:egg":3,"minecraft:furnace":4,"minecraft:stick":2,"minecraft:raw_iron":7,"forbidden_arcanus:bat_wing":1,"minecraft:torch":2,"minecraft:rotten_flesh":2,"minecraft:arrow":2,"minecraft:deepslate_bricks":1,"minecraft:cobblestone":117,"minecraft:feather":9,"minecraft:andesite":1,"minecraft:leather":10,"minecraft:potato":11,"minecraft:gunpowder":2,"minecraft:lapis_lazuli":41,"minecraft:blue_bed":2,"minecraft:dirt":8,"naturalist:bass":1,"minecraft:cooked_mutton":4,"minecraft:bone":2,"minecraft:stonecutter":2,"minecraft:wheat_seeds":14,"minecraft:iron_ingot":4,"minecraft:stone_pickaxe":4,"spartanweaponry:iron_dagger":1,"minecraft:pumpkin":17,"minecraft:grass_block":1,"minecraft:spruce_log":28,"forbidden_arcanus:ender_pearl_fragment":2,"alexsmobs:raw_catfish":6,"minecraft:pumpkin_seeds":3,"minecraft:purple_bed":5,"minecraft:slime_ball":2,"minecraft:stone_axe":1,"iter_rpg:abyssquartz_shard":1,"minecraft:gray_wool":1,"minecraft:spruce_sign":3,"minecraft:bread":4,"minecraft:coal":46,"iceandfire:raw_silver":1,"minecraft:sunflower":4}},"DataVersion":3465}