{"stats":{"minecraft:custom":{"minecraft:time_since_rest":17247,"minecraft:crouch_one_cm":1367,"minecraft:sprint_one_cm":62022,"minecraft:play_time":17247,"minecraft:walk_one_cm":36769,"minecraft:sneak_time":354,"minecraft:walk_under_water_one_cm":3242,"minecraft:mob_kills":3,"minecraft:drop":1,"minecraft:jump":239,"minecraft:damage_dealt":786,"minecraft:leave_game":1,"minecraft:time_since_death":17247,"minecraft:walk_on_water_one_cm":785,"minecraft:total_world_time":17247,"minecraft:swim_one_cm":2807,"minecraft:fly_one_cm":401880},"minecraft:killed":{"grimoireofgaia:matango":1,"grimoireofgaia:toad":1,"minecraft:enderman":1},"minecraft:dropped":{"securitycraft:camera_monitor":1},"minecraft:picked_up":{"forbidden_arcanus:ender_pearl_fragment":2,"minecraft:slime_ball":2,"minecraft:brown_mushroom":1,"gravestone:obituary":1,"minecraft:iron_nugget":2,"minecraft:spruce_log":1,"minecraft:grass_block":1},"minecraft:used":{"securitycraft:sentry":1,"spartanweaponry:diamond_katana":23,"alexsmobs:spawn_egg_crow":3,"minecraft:oak_wood":10}},"DataVersion":3465}