{"stats":{"minecraft:used":{"minecraft:rose_bush":3,"minecraft:stone_sword":101,"minecraft:chest":2,"minecraft:spruce_planks":8,"minecraft:shield":41,"minecraft:iron_sword":99,"minecraft:cooked_chicken":2,"minecraft:rotten_flesh":3,"minecraft:torch":131,"minecraft:dirt":7,"minecraft:lily_of_the_valley":1,"naturalist:cooked_bass":4,"minecraft:oak_wood":10,"minecraft:wooden_axe":25,"securitycraft:sentry":1,"travelersbackpack:ocelot":1,"minecraft:sweet_berries":84,"minecraft:furnace":12,"spartanweaponry:diamond_katana":23,"minecraft:potato":17,"minecraft:cobbled_deepslate":41,"minecraft:pumpkin":4,"naturalist:bass":1,"minecraft:cooked_mutton":5,"minecraft:wheat_seeds":263,"minecraft:stone_pickaxe":581,"minecraft:baked_potato":13,"minecraft:wooden_pickaxe":45,"minecraft:blue_bed":1,"minecraft:crafting_table":7,"minecraft:oak_log":5,"spartanweaponry:iron_dagger":8,"minecraft:bread":28,"minecraft:iron_pickaxe":34,"iceandfire:graveyard_soil":5,"minecraft:stone_axe":127,"minecraft:cobblestone":177,"minecraft:purple_bed":5,"minecraft:cooked_porkchop":11,"alexsmobs:spawn_egg_crow":3,"minecraft:andesite":14,"minecraft:bone_meal":6},"minecraft:mined":{"minecraft:spruce_planks":1,"iceandfire:silver_ore":3,"gravestone:gravestone":4,"minecraft:granite":16,"minecraft:grass_block":10,"biomesoplenty:flowering_oak_leaves":1,"iceandfire:deepslate_silver_ore":1,"minecraft:deepslate_bricks":1,"minecraft:spruce_leaves":5,"biomesoplenty:dune_grass":1,"minecraft:large_fern":3,"minecraft:furnace":8,"minecraft:iron_ore":12,"minecraft:fire":5,"biomesoplenty:lavender":2,"minecraft:andesite":14,"minecraft:pumpkin":13,"minecraft:deepslate_lapis_ore":2,"minecraft:azure_bluet":3,"biomesoplenty:sea_oats":1,"realmrpg_skeletons:devastated_skeleton":1,"minecraft:potatoes":7,"minecraft:red_tulip":1,"minecraft:dirt_path":1,"minecraft:vine":1,"minecraft:deepslate_iron_ore":6,"minecraft:white_tulip":1,"minecraft:stone":397,"biomesoplenty:jacaranda_leaves":1,"minecraft:lily_of_the_valley":1,"minecraft:crafting_table":6,"minecraft:torch":3,"mirabilis:grass_pile":2,"minecraft:oak_wood":4,"minecraft:rose_bush":9,"minecraft:tall_grass":1,"minecraft:cobblestone":7,"biomesoplenty:sprout":75,"minecraft:sugar_cane":7,"minecraft:diorite":5,"minecraft:blue_bed":2,"minecraft:wall_torch":16,"minecraft:purple_bed":5,"mirabilis:sand_pile":1,"minecraft:cobblestone_wall":1,"realmrpg_skeletons:webbed_skeleton":1,"minecraft:sweet_berry_bush":7,"minecraft:wheat":122,"minecraft:spruce_log":56,"minecraft:orange_tulip":1,"minecraft:grass":65,"minecraft:oak_log":10,"minecraft:coal_ore":100,"forbidden_arcanus:nipa":1,"minecraft:dirt":15,"minecraft:cobweb":1,"minecraft:stonecutter":1,"minecraft:deepslate":67,"minecraft:oak_leaves":11},"minecraft:killed_by":{"minecraft:player":1,"realmrpg_demons:chort":1,"grimoireofgaia:cyclops":1,"minecraft:skeleton":1,"grimoireofgaia:mimic":1,"iceandfire:fire_dragon":1},"minecraft:broken":{"minecraft:stone_sword":1,"minecraft:stone_pickaxe":2,"minecraft:shield":1,"minecraft:stone_axe":1},"minecraft:dropped":{"minecraft:spruce_sign":2,"minecraft:iron_ingot":8,"crittersandcompanions:clam":1,"minecraft:crafting_table":1,"minecraft:feather":3,"minecraft:leather":6,"alexsmobs:raw_catfish":3,"minecraft:dirt":1,"minecraft:gray_wool":1,"minecraft:wooden_axe":2,"minecraft:rose_bush":1,"minecraft:wooden_sword":4,"gravestone:obituary":6,"minecraft:gold_nugget":1,"minecraft:sunflower":2,"minecraft:pumpkin":5,"minecraft:iron_pickaxe":1,"minecraft:white_wool":3,"minecraft:blue_bed":1,"minecraft:gold_ingot":4,"travelersbackpack:ocelot":1,"minecraft:stone_sword":1,"minecraft:raw_copper":78,"minecraft:chicken":2,"minecraft:cooked_mutton":2,"minecraft:potato":2,"minecraft:shield":1,"grimoireofgaia:fur":6,"securitycraft:camera_monitor":1,"minecraft:beef":3,"minecraft:stone_pickaxe":1,"minecraft:wooden_pickaxe":2,"minecraft:egg":1},"minecraft:custom":{"minecraft:mob_kills":43,"minecraft:interact_with_crafting_table":49,"minecraft:open_barrel":1,"minecraft:bell_ring":24,"minecraft:leave_game":9,"minecraft:time_since_death":32605,"minecraft:sprint_one_cm":1041551,"minecraft:walk_one_cm":789334,"minecraft:damage_blocked_by_shield":1845,"minecraft:drop":49,"minecraft:play_time":226485,"minecraft:sneak_time":17065,"minecraft:talked_to_villager":15,"minecraft:deaths":7,"minecraft:walk_under_water_one_cm":14638,"minecraft:jump":5677,"minecraft:walk_on_water_one_cm":30859,"minecraft:total_world_time":226485,"minecraft:interact_with_furnace":76,"spartanshields:shield_bash_hits":8,"minecraft:traded_with_villager":4,"minecraft:interact_with_grindstone":1,"minecraft:sleep_in_bed":14,"minecraft:time_since_rest":2535,"minecraft:damage_taken":4487,"minecraft:trigger_trapped_chest":1,"minecraft:damage_dealt":12620,"minecraft:swim_one_cm":160335,"minecraft:fly_one_cm":2786401,"minecraft:player_kills":1,"minecraft:crouch_one_cm":89739,"minecraft:open_chest":80,"minecraft:fall_one_cm":158729},"minecraft:picked_up":{"minecraft:wooden_axe":5,"minecraft:crafting_table":6,"minecraft:wheat":118,"minecraft:azure_bluet":3,"minecraft:chicken":8,"minecraft:brown_mushroom":1,"minecraft:wooden_pickaxe":5,"gravestone:obituary":6,"minecraft:string":5,"minecraft:raw_copper":48,"minecraft:wooden_sword":7,"minecraft:cobbled_deepslate":70,"minecraft:gold_nugget":6,"minecraft:spruce_planks":21,"minecraft:beef":3,"minecraft:white_tulip":1,"minecraft:rose_bush":9,"crittersandcompanions:koi_fish":5,"minecraft:iron_nugget":9,"minecraft:sugar_cane":10,"crittersandcompanions:clam":1,"minecraft:furnace":8,"minecraft:egg":3,"minecraft:stick":2,"minecraft:raw_iron":18,"forbidden_arcanus:bat_wing":1,"minecraft:torch":19,"minecraft:porkchop":13,"minecraft:diorite":5,"minecraft:rabbit_foot":1,"minecraft:arrow":2,"minecraft:rotten_flesh":3,"minecraft:deepslate_bricks":1,"minecraft:cobblestone":405,"biomesoplenty:lavender":1,"minecraft:feather":13,"minecraft:andesite":14,"minecraft:leather":10,"minecraft:potato":24,"travelersbackpack:ocelot":2,"minecraft:oak_log":8,"iceandfire:ectoplasm":1,"minecraft:gunpowder":2,"minecraft:lapis_lazuli":41,"minecraft:dirt":32,"minecraft:blue_bed":2,"minecraft:cooked_mutton":4,"naturalist:bass":1,"minecraft:bone":2,"minecraft:stonecutter":2,"minecraft:wheat_seeds":342,"minecraft:rabbit_hide":1,"minecraft:iron_ingot":4,"minecraft:stone_pickaxe":4,"forbidden_arcanus:nipa":1,"spartanweaponry:iron_dagger":1,"minecraft:pumpkin":25,"minecraft:sweet_berries":114,"minecraft:spruce_sapling":1,"minecraft:grass_block":1,"minecraft:spruce_log":56,"minecraft:lily_of_the_valley":1,"forbidden_arcanus:ender_pearl_fragment":2,"alexsmobs:raw_catfish":6,"minecraft:oak_wood":4,"minecraft:pumpkin_seeds":3,"minecraft:purple_bed":5,"minecraft:slime_ball":2,"minecraft:stone_axe":1,"iter_rpg:abyssquartz_shard":1,"minecraft:granite":16,"minecraft:bone_meal":6,"minecraft:gray_wool":1,"minecraft:spruce_sign":3,"minecraft:bread":4,"minecraft:oak_sapling":1,"minecraft:sunflower":4,"minecraft:coal":134,"grimoireofgaia:fur":11,"iceandfire:raw_silver":4,"minecraft:ender_pearl":1},"minecraft:killed":{"grimoireofgaia:toad":1,"grimoireofgaia:cyclops":5,"grimoireofgaia:ender_eye":1,"grimoireofgaia:mimic":2,"minecraft:chicken":4,"naturalist:bass":1,"realmrpg_demons:chort":2,"bloodandmadness:huntsman_axe":1,"minecraft:drowned":1,"minecraft:pig":5,"grimoireofgaia:yuki_onna":3,"minecraft:wandering_trader":1,"minecraft:trader_llama":1,"grimoireofgaia:nine_tails":1,"minecraft:zombie":4,"iceandfire:ghost":4,"grimoireofgaia:matango":1,"crittersandcompanions:koi_fish":3,"minecraft:enderman":1,"minecraft:cow":1},"minecraft:crafted":{"minecraft:wooden_sword":1,"minecraft:oak_planks":12,"minecraft:cooked_chicken":2,"minecraft:furnace":5,"minecraft:bone_meal":3,"naturalist:cooked_bass":4,"minecraft:cooked_mutton":1,"minecraft:iron_boots":1,"minecraft:stone_pickaxe":5,"minecraft:chest":2,"minecraft:cooked_porkchop":13,"minecraft:crafting_table":2,"minecraft:spruce_planks":128,"minecraft:iron_helmet":1,"minecraft:baked_potato":13,"minecraft:wooden_pickaxe":1,"minecraft:iron_sword":1,"minecraft:stone_axe":3,"minecraft:bread":63,"minecraft:air":0,"minecraft:iron_chestplate":1,"minecraft:shield":2,"minecraft:stick":84,"minecraft:iron_ingot":29,"minecraft:wooden_axe":1,"minecraft:stone_sword":2,"minecraft:iron_leggings":1,"minecraft:gold_ingot":1,"minecraft:torch":164}},"DataVersion":3465}