{"stats":{"minecraft:picked_up":{"minecraft:wooden_axe":5,"minecraft:crafting_table":5,"minecraft:wheat":8,"minecraft:chicken":6,"minecraft:brown_mushroom":1,"minecraft:wooden_pickaxe":5,"gravestone:obituary":6,"minecraft:string":5,"minecraft:raw_copper":48,"minecraft:wooden_sword":7,"minecraft:cobbled_deepslate":70,"minecraft:gold_nugget":3,"minecraft:spruce_planks":1,"minecraft:beef":3,"minecraft:rose_bush":9,"crittersandcompanions:koi_fish":5,"minecraft:iron_nugget":9,"minecraft:sugar_cane":10,"crittersandcompanions:clam":1,"minecraft:furnace":7,"minecraft:egg":3,"minecraft:stick":2,"minecraft:raw_iron":17,"forbidden_arcanus:bat_wing":1,"minecraft:torch":19,"minecraft:porkchop":3,"minecraft:diorite":5,"minecraft:rotten_flesh":3,"minecraft:arrow":2,"minecraft:deepslate_bricks":1,"minecraft:cobblestone":381,"minecraft:feather":11,"minecraft:andesite":14,"minecraft:leather":10,"minecraft:potato":24,"travelersbackpack:ocelot":2,"minecraft:oak_log":1,"minecraft:gunpowder":2,"minecraft:lapis_lazuli":41,"minecraft:dirt":26,"minecraft:blue_bed":2,"minecraft:cooked_mutton":4,"naturalist:bass":1,"minecraft:bone":2,"minecraft:stonecutter":2,"minecraft:wheat_seeds":27,"minecraft:rabbit_hide":1,"minecraft:iron_ingot":4,"minecraft:stone_pickaxe":4,"spartanweaponry:iron_dagger":1,"minecraft:pumpkin":25,"minecraft:sweet_berries":28,"minecraft:spruce_sapling":1,"minecraft:grass_block":1,"minecraft:spruce_log":53,"minecraft:lily_of_the_valley":1,"forbidden_arcanus:ender_pearl_fragment":2,"alexsmobs:raw_catfish":6,"minecraft:pumpkin_seeds":3,"minecraft:purple_bed":5,"minecraft:slime_ball":2,"minecraft:stone_axe":1,"iter_rpg:abyssquartz_shard":1,"minecraft:granite":16,"minecraft:gray_wool":1,"minecraft:spruce_sign":3,"minecraft:bread":4,"minecraft:oak_sapling":1,"minecraft:sunflower":4,"minecraft:coal":99,"grimoireofgaia:fur":11,"iceandfire:raw_silver":4,"minecraft:ender_pearl":1},"minecraft:used":{"minecraft:rose_bush":3,"minecraft:stone_sword":101,"minecraft:chest":1,"minecraft:spruce_planks":8,"minecraft:shield":23,"minecraft:iron_sword":14,"minecraft:rotten_flesh":3,"minecraft:torch":131,"minecraft:dirt":7,"minecraft:lily_of_the_valley":1,"naturalist:cooked_bass":4,"minecraft:oak_wood":10,"minecraft:wooden_axe":25,"securitycraft:sentry":1,"travelersbackpack:ocelot":1,"minecraft:sweet_berries":40,"minecraft:furnace":9,"spartanweaponry:diamond_katana":23,"minecraft:potato":17,"minecraft:cobbled_deepslate":17,"minecraft:pumpkin":4,"naturalist:bass":1,"minecraft:wheat_seeds":20,"minecraft:cooked_mutton":5,"minecraft:stone_pickaxe":520,"minecraft:baked_potato":10,"minecraft:wooden_pickaxe":45,"minecraft:blue_bed":1,"minecraft:crafting_table":6,"spartanweaponry:iron_dagger":8,"minecraft:bread":23,"minecraft:iron_pickaxe":34,"minecraft:stone_axe":107,"minecraft:cobblestone":99,"minecraft:purple_bed":5,"minecraft:cooked_porkchop":3,"alexsmobs:spawn_egg_crow":3,"minecraft:andesite":14,"minecraft:bone_meal":6},"minecraft:killed_by":{"minecraft:player":1,"realmrpg_demons:chort":1,"grimoireofgaia:cyclops":1,"minecraft:skeleton":1,"grimoireofgaia:mimic":1},"minecraft:dropped":{"minecraft:iron_ingot":8,"minecraft:spruce_sign":2,"crittersandcompanions:clam":1,"minecraft:crafting_table":1,"minecraft:feather":3,"minecraft:leather":6,"alexsmobs:raw_catfish":3,"minecraft:gray_wool":1,"minecraft:wooden_axe":2,"minecraft:rose_bush":1,"gravestone:obituary":6,"minecraft:wooden_sword":4,"minecraft:gold_nugget":1,"minecraft:pumpkin":5,"minecraft:sunflower":2,"minecraft:iron_pickaxe":1,"minecraft:white_wool":3,"minecraft:blue_bed":1,"minecraft:gold_ingot":4,"travelersbackpack:ocelot":1,"minecraft:stone_sword":1,"minecraft:raw_copper":78,"minecraft:chicken":2,"minecraft:cooked_mutton":2,"minecraft:potato":2,"minecraft:shield":1,"grimoireofgaia:fur":6,"securitycraft:camera_monitor":1,"minecraft:wooden_pickaxe":2,"minecraft:beef":3,"minecraft:stone_pickaxe":1,"minecraft:egg":1},"minecraft:mined":{"minecraft:spruce_planks":1,"iceandfire:silver_ore":3,"gravestone:gravestone":4,"minecraft:granite":16,"minecraft:grass_block":6,"iceandfire:deepslate_silver_ore":1,"minecraft:deepslate_bricks":1,"minecraft:spruce_leaves":5,"minecraft:large_fern":1,"minecraft:furnace":7,"minecraft:iron_ore":11,"minecraft:fire":1,"minecraft:andesite":14,"minecraft:pumpkin":13,"minecraft:deepslate_lapis_ore":2,"realmrpg_skeletons:devastated_skeleton":1,"minecraft:potatoes":7,"minecraft:deepslate_iron_ore":6,"minecraft:dirt_path":1,"minecraft:stone":374,"minecraft:lily_of_the_valley":1,"minecraft:crafting_table":5,"minecraft:torch":2,"mirabilis:grass_pile":2,"minecraft:rose_bush":9,"minecraft:cobblestone":6,"biomesoplenty:sprout":74,"minecraft:sugar_cane":7,"minecraft:diorite":5,"minecraft:wall_torch":16,"minecraft:blue_bed":2,"minecraft:purple_bed":5,"minecraft:cobblestone_wall":1,"realmrpg_skeletons:webbed_skeleton":1,"minecraft:wheat":11,"minecraft:sweet_berry_bush":2,"minecraft:spruce_log":53,"minecraft:grass":50,"minecraft:oak_log":1,"minecraft:coal_ore":65,"minecraft:dirt":14,"minecraft:cobweb":1,"minecraft:stonecutter":1,"minecraft:oak_leaves":8,"minecraft:deepslate":67},"minecraft:killed":{"grimoireofgaia:toad":1,"grimoireofgaia:cyclops":5,"grimoireofgaia:ender_eye":1,"grimoireofgaia:mimic":2,"minecraft:chicken":2,"naturalist:bass":1,"realmrpg_demons:chort":2,"bloodandmadness:huntsman_axe":1,"minecraft:drowned":1,"minecraft:pig":1,"grimoireofgaia:yuki_onna":3,"minecraft:wandering_trader":1,"minecraft:trader_llama":1,"minecraft:zombie":4,"grimoireofgaia:matango":1,"crittersandcompanions:koi_fish":3,"minecraft:cow":1,"minecraft:enderman":1},"minecraft:crafted":{"minecraft:wooden_sword":1,"minecraft:oak_planks":4,"minecraft:furnace":4,"minecraft:bone_meal":3,"naturalist:cooked_bass":4,"minecraft:cooked_mutton":1,"minecraft:iron_boots":1,"minecraft:stone_pickaxe":5,"minecraft:chest":1,"minecraft:cooked_porkchop":3,"minecraft:crafting_table":2,"minecraft:spruce_planks":104,"minecraft:baked_potato":10,"minecraft:wooden_pickaxe":1,"minecraft:iron_sword":1,"minecraft:stone_axe":2,"minecraft:bread":25,"minecraft:air":0,"minecraft:iron_chestplate":1,"minecraft:shield":2,"minecraft:stick":60,"minecraft:iron_ingot":24,"minecraft:wooden_axe":1,"minecraft:stone_sword":2,"minecraft:iron_leggings":1,"minecraft:gold_ingot":1,"minecraft:torch":100},"minecraft:custom":{"minecraft:mob_kills":32,"minecraft:interact_with_crafting_table":38,"minecraft:bell_ring":24,"minecraft:leave_game":6,"minecraft:time_since_death":4768,"minecraft:sprint_one_cm":779396,"minecraft:walk_one_cm":565471,"minecraft:damage_blocked_by_shield":1395,"minecraft:drop":48,"minecraft:talked_to_villager":13,"minecraft:play_time":158170,"minecraft:sneak_time":10271,"minecraft:deaths":6,"minecraft:walk_under_water_one_cm":12049,"minecraft:jump":4082,"minecraft:walk_on_water_one_cm":25184,"minecraft:total_world_time":158170,"minecraft:interact_with_furnace":54,"spartanshields:shield_bash_hits":7,"minecraft:traded_with_villager":4,"minecraft:sleep_in_bed":9,"minecraft:time_since_rest":4796,"minecraft:damage_taken":3192,"minecraft:damage_dealt":9462,"minecraft:swim_one_cm":126603,"minecraft:fly_one_cm":1636895,"minecraft:player_kills":1,"minecraft:open_chest":21,"minecraft:crouch_one_cm":54131,"minecraft:fall_one_cm":116394},"minecraft:broken":{"minecraft:stone_sword":1,"minecraft:stone_pickaxe":2,"minecraft:stone_axe":1}},"DataVersion":3465}