{"stats":{"minecraft:killed_by":{"minecraft:player":1,"minecraft:zombie":1,"grimoireofgaia:cyclops":1,"securitycraft:sentry":3,"grimoireofgaia:toad":1,"naturalist:bear":1,"grimoireofgaia:yuki_onna":2},"minecraft:custom":{"minecraft:interact_with_furnace":11,"minecraft:mob_kills":24,"minecraft:interact_with_crafting_table":4,"minecraft:interact_with_grindstone":2,"minecraft:leave_game":1,"minecraft:time_since_death":1332,"minecraft:sleep_in_bed":1,"minecraft:time_since_rest":1364,"minecraft:sprint_one_cm":128451,"minecraft:damage_taken":3035,"minecraft:walk_one_cm":193434,"minecraft:drop":24,"minecraft:damage_dealt":3782,"minecraft:talked_to_villager":31,"minecraft:swim_one_cm":56540,"minecraft:fly_one_cm":247835,"minecraft:player_kills":1,"minecraft:crouch_one_cm":7483,"minecraft:play_time":37400,"minecraft:deaths":10,"minecraft:sneak_time":951,"minecraft:walk_under_water_one_cm":23357,"minecraft:jump":876,"minecraft:walk_on_water_one_cm":16261,"minecraft:total_world_time":37400,"minecraft:fall_one_cm":24891},"minecraft:killed":{"minecraft:pig":3,"grimoireofgaia:cyclops":1,"grimoireofgaia:yuki_onna":1,"minecraft:sheep":4,"alexsmobs:catfish":1,"minecraft:zombie":1,"naturalist:bass":4,"alexsmobs:fly":2,"crittersandcompanions:otter":1,"crittersandcompanions:koi_fish":5,"minecraft:cow":1},"minecraft:crafted":{"minecraft:wooden_sword":1,"minecraft:cooked_porkchop":4,"minecraft:crafting_table":4,"minecraft:spruce_planks":88,"minecraft:wooden_pickaxe":1,"minecraft:furnace":1,"minecraft:cooked_mutton":5,"minecraft:bread":3,"minecraft:air":0,"minecraft:stick":8,"minecraft:wooden_axe":1},"minecraft:dropped":{"minecraft:wheat_seeds":25,"minecraft:cooked_porkchop":1,"minecraft:poppy":1,"minecraft:dirt":2,"crittersandcompanions:koi_fish":2,"naturalist:bass":3,"minecraft:wooden_axe":1,"minecraft:sunflower":2,"gravestone:obituary":6,"minecraft:wooden_sword":2,"minecraft:stone_pickaxe":1,"minecraft:wooden_pickaxe":2},"minecraft:mined":{"minecraft:dark_oak_leaves":3,"gravestone:gravestone":5,"mirabilis:grass_pile":1,"minecraft:grass_block":7,"minecraft:poppy":2,"minecraft:rose_bush":1,"minecraft:cobblestone":4,"minecraft:spruce_leaves":7,"biomesoplenty:sprout":3,"minecraft:large_fern":5,"minecraft:spruce_sapling":1,"minecraft:wheat":11,"minecraft:spruce_log":9,"minecraft:pumpkin":4,"minecraft:grass":5,"minecraft:potatoes":1,"minecraft:oak_log":1,"minecraft:sunflower":1,"minecraft:dirt":1,"minecraft:stone":17,"minecraft:fern":7},"minecraft:used":{"minecraft:rose_bush":1,"minecraft:stone_sword":55,"minecraft:poppy":1,"minecraft:spruce_planks":4,"minecraft:wooden_pickaxe":20,"minecraft:rotten_flesh":2,"minecraft:dirt":4,"minecraft:crafting_table":3,"minecraft:spruce_log":1,"minecraft:wooden_axe":18,"minecraft:iron_pickaxe":2,"minecraft:spruce_sapling":1,"minecraft:golden_helmet":1,"minecraft:wooden_sword":39,"minecraft:cobblestone":26,"minecraft:beef":2,"minecraft:cooked_porkchop":3,"minecraft:furnace":1,"minecraft:porkchop":3,"alexsmobs:animal_dictionary":1},"minecraft:picked_up":{"minecraft:wheat":9,"minecraft:leather":2,"minecraft:wooden_pickaxe":1,"minecraft:potato":1,"minecraft:oak_log":1,"gravestone:obituary":1,"minecraft:dirt":8,"naturalist:bass":7,"minecraft:wheat_seeds":25,"minecraft:gold_nugget":1,"minecraft:beef":2,"crittersandcompanions:koi_fish":5,"minecraft:rose_bush":1,"minecraft:iron_nugget":1,"minecraft:poppy":2,"minecraft:pumpkin":4,"grimoireofgaia:box_gold":1,"securitycraft:camera_monitor":1,"minecraft:porkchop":7,"minecraft:spruce_sapling":1,"grimoireofgaia:box_iron":1,"minecraft:spruce_log":8,"alexsmobs:raw_catfish":3,"minecraft:pumpkin_seeds":1,"minecraft:rotten_flesh":2,"minecraft:gray_wool":1,"grimoireofgaia:fur":1,"minecraft:mutton":6,"minecraft:white_wool":3,"minecraft:cobblestone":21,"minecraft:sunflower":2}},"DataVersion":3465}