{"stats":{"minecraft:killed_by":{"minecraft:player":1,"minecraft:zombie":1,"grimoireofgaia:cyclops":1,"securitycraft:sentry":3,"grimoireofgaia:toad":1,"bloodandmadness:huntsman_axe":1,"naturalist:bear":2,"grimoireofgaia:yuki_onna":2},"minecraft:custom":{"minecraft:interact_with_furnace":11,"minecraft:mob_kills":33,"minecraft:interact_with_crafting_table":4,"minecraft:interact_with_grindstone":2,"minecraft:leave_game":1,"minecraft:time_since_death":718,"minecraft:sleep_in_bed":2,"minecraft:time_since_rest":743,"minecraft:sprint_one_cm":146291,"minecraft:damage_taken":4195,"minecraft:walk_one_cm":267423,"minecraft:drop":63,"minecraft:damage_dealt":7123,"minecraft:talked_to_villager":31,"minecraft:swim_one_cm":56540,"minecraft:fly_one_cm":287897,"minecraft:player_kills":1,"minecraft:crouch_one_cm":17195,"minecraft:play_time":49400,"minecraft:deaths":12,"minecraft:sneak_time":2416,"minecraft:walk_under_water_one_cm":23357,"minecraft:jump":1107,"minecraft:walk_on_water_one_cm":16261,"minecraft:total_world_time":49400,"minecraft:fall_one_cm":34731},"minecraft:killed":{"minecraft:witch":1,"minecraft:pig":3,"grimoireofgaia:cyclops":7,"naturalist:bear":1,"grimoireofgaia:yuki_onna":1,"minecraft:sheep":4,"alexsmobs:catfish":1,"minecraft:zombie":1,"naturalist:bass":4,"alexsmobs:fly":2,"crittersandcompanions:otter":1,"crittersandcompanions:koi_fish":5,"minecraft:villager":1,"minecraft:cow":1},"minecraft:crafted":{"minecraft:wooden_sword":1,"minecraft:cooked_porkchop":4,"minecraft:crafting_table":4,"minecraft:spruce_planks":92,"minecraft:wooden_pickaxe":1,"minecraft:furnace":1,"minecraft:bone_meal":3,"minecraft:cooked_mutton":5,"minecraft:bread":3,"minecraft:air":0,"minecraft:stick":8,"minecraft:wooden_axe":1,"minecraft:torch":24},"minecraft:dropped":{"minecraft:bread":4,"minecraft:spruce_sign":1,"minecraft:stone_axe":1,"minecraft:wheat_seeds":26,"minecraft:stone_sword":2,"minecraft:raw_copper":32,"minecraft:cooked_porkchop":1,"minecraft:chicken":2,"minecraft:feather":3,"minecraft:leather":3,"minecraft:cooked_mutton":2,"minecraft:pumpkin_seeds":3,"alexsmobs:raw_catfish":3,"minecraft:poppy":1,"minecraft:dirt":8,"minecraft:gray_wool":1,"crittersandcompanions:koi_fish":2,"minecraft:diorite":2,"naturalist:bass":3,"minecraft:wooden_axe":3,"minecraft:rose_bush":1,"minecraft:pumpkin":8,"minecraft:sunflower":3,"gravestone:obituary":9,"minecraft:wooden_sword":6,"minecraft:stonecutter":1,"minecraft:stone_pickaxe":3,"minecraft:wooden_pickaxe":4,"minecraft:egg":1},"minecraft:mined":{"minecraft:dark_oak_leaves":3,"gravestone:gravestone":7,"mirabilis:grass_pile":2,"minecraft:grass_block":10,"minecraft:poppy":2,"minecraft:rose_bush":1,"minecraft:deepslate_gold_ore":3,"minecraft:copper_ore":10,"minecraft:cobblestone":9,"minecraft:spruce_leaves":7,"biomesoplenty:sprout":3,"minecraft:diorite":1,"minecraft:large_fern":5,"minecraft:spruce_sapling":1,"forbidden_arcanus:xpetrified_ore":1,"minecraft:wheat":11,"minecraft:spruce_log":9,"minecraft:pumpkin":4,"minecraft:deepslate_iron_ore":4,"minecraft:coal_ore":3,"minecraft:grass":7,"minecraft:potatoes":1,"minecraft:oak_log":1,"minecraft:sunflower":1,"minecraft:dirt":1,"minecraft:stone":18,"minecraft:deepslate":2,"minecraft:gold_ore":1,"minecraft:fern":7},"minecraft:picked_up":{"minecraft:wheat":9,"minecraft:leather":2,"minecraft:wooden_pickaxe":1,"minecraft:potato":2,"minecraft:oak_log":1,"gravestone:obituary":1,"forbidden_arcanus:xpetrified_orb":1,"minecraft:dirt":11,"minecraft:raw_copper":76,"minecraft:wooden_sword":4,"minecraft:cooked_mutton":4,"naturalist:bass":11,"minecraft:wheat_seeds":25,"minecraft:gold_nugget":2,"minecraft:cobbled_deepslate":3,"minecraft:raw_gold":12,"minecraft:iron_ingot":4,"minecraft:beef":2,"crittersandcompanions:koi_fish":5,"minecraft:rose_bush":1,"minecraft:iron_nugget":7,"minecraft:poppy":2,"minecraft:iron_pickaxe":1,"minecraft:raw_iron":4,"minecraft:pumpkin":4,"grimoireofgaia:box_gold":1,"securitycraft:camera_monitor":1,"minecraft:porkchop":7,"minecraft:spruce_sapling":1,"minecraft:diorite":2,"grimoireofgaia:box_iron":1,"minecraft:spruce_log":9,"minecraft:stone_sword":2,"alexsmobs:raw_catfish":6,"minecraft:pumpkin_seeds":1,"minecraft:rotten_flesh":2,"minecraft:gray_wool":2,"minecraft:gold_ingot":4,"bloodandmadness:blood_stone_shard":1,"minecraft:coal":3,"grimoireofgaia:fur":11,"minecraft:mutton":6,"minecraft:white_wool":6,"minecraft:cobblestone":27,"minecraft:sunflower":2},"minecraft:used":{"minecraft:cooked_mutton":1,"minecraft:rose_bush":1,"minecraft:stone_sword":133,"minecraft:stone_pickaxe":1,"minecraft:poppy":1,"minecraft:spruce_planks":16,"minecraft:wooden_pickaxe":20,"minecraft:rotten_flesh":2,"minecraft:torch":10,"minecraft:dirt":4,"minecraft:crafting_table":3,"minecraft:spruce_log":1,"minecraft:wooden_axe":18,"minecraft:bread":7,"minecraft:iron_pickaxe":34,"minecraft:spruce_sapling":1,"minecraft:golden_helmet":1,"minecraft:wooden_sword":39,"minecraft:cobblestone":61,"minecraft:beef":2,"minecraft:cooked_porkchop":3,"minecraft:furnace":1,"minecraft:porkchop":3,"alexsmobs:animal_dictionary":1}},"DataVersion":3465}