{"stats":{"minecraft:killed_by":{"minecraft:player":1,"grimoireofgaia:cyclops":1,"grimoireofgaia:toad":1,"grimoireofgaia:flesh_lich":1,"bloodandmadness:huntsman_axe":2,"grimoireofgaia:yuki_onna":2,"minecraft:zombie":1,"securitycraft:sentry":3,"naturalist:bear":2},"minecraft:custom":{"minecraft:mob_kills":34,"minecraft:interact_with_crafting_table":9,"minecraft:leave_game":1,"minecraft:time_since_death":2350,"minecraft:sprint_one_cm":177306,"minecraft:walk_one_cm":343828,"minecraft:damage_blocked_by_shield":765,"minecraft:drop":91,"minecraft:talked_to_villager":31,"minecraft:play_time":61400,"minecraft:deaths":14,"minecraft:sneak_time":2646,"minecraft:walk_under_water_one_cm":23675,"minecraft:jump":1351,"minecraft:walk_on_water_one_cm":20949,"minecraft:total_world_time":61400,"minecraft:interact_with_furnace":56,"spartanshields:shield_bash_hits":2,"minecraft:interact_with_grindstone":2,"minecraft:sleep_in_bed":2,"minecraft:time_since_rest":2374,"minecraft:damage_taken":5070,"minecraft:damage_dealt":8055,"minecraft:swim_one_cm":56540,"minecraft:fly_one_cm":344458,"minecraft:player_kills":1,"minecraft:crouch_one_cm":18896,"minecraft:fall_one_cm":49993},"minecraft:killed":{"grimoireofgaia:cyclops":7,"minecraft:witch":1,"naturalist:bass":4,"bloodandmadness:huntsman_axe":1,"crittersandcompanions:otter":1,"minecraft:pig":3,"naturalist:bear":1,"grimoireofgaia:yuki_onna":1,"minecraft:sheep":4,"alexsmobs:catfish":1,"minecraft:zombie":1,"alexsmobs:fly":2,"crittersandcompanions:koi_fish":5,"minecraft:villager":1,"minecraft:cow":1},"minecraft:crafted":{"minecraft:wooden_sword":1,"minecraft:furnace":1,"minecraft:bone_meal":3,"minecraft:cooked_mutton":5,"minecraft:iron_boots":1,"alexsmobs:cooked_catfish":3,"minecraft:cooked_beef":3,"minecraft:cooked_porkchop":4,"minecraft:crafting_table":4,"minecraft:spruce_planks":92,"minecraft:wooden_pickaxe":1,"minecraft:iron_helmet":1,"minecraft:bread":3,"minecraft:air":0,"minecraft:iron_chestplate":1,"minecraft:stick":16,"minecraft:iron_ingot":19,"minecraft:wooden_axe":1,"minecraft:iron_leggings":1,"minecraft:gold_ingot":11,"minecraft:torch":56},"minecraft:dropped":{"minecraft:spruce_sign":2,"minecraft:bread":4,"minecraft:wheat_seeds":27,"crittersandcompanions:clam":1,"minecraft:cooked_porkchop":1,"minecraft:feather":6,"minecraft:leather":6,"alexsmobs:raw_catfish":3,"minecraft:dirt":8,"minecraft:gray_wool":2,"minecraft:diorite":3,"naturalist:bass":3,"minecraft:wooden_axe":4,"minecraft:rose_bush":2,"minecraft:gold_nugget":1,"gravestone:obituary":13,"minecraft:wooden_sword":9,"minecraft:pumpkin":13,"minecraft:sunflower":4,"minecraft:stonecutter":1,"minecraft:white_wool":3,"minecraft:stone_axe":1,"minecraft:stone_sword":3,"minecraft:raw_copper":110,"minecraft:chicken":2,"minecraft:cooked_mutton":2,"minecraft:pumpkin_seeds":6,"minecraft:poppy":1,"crittersandcompanions:koi_fish":2,"minecraft:wooden_pickaxe":6,"minecraft:stone_pickaxe":4,"minecraft:egg":2},"minecraft:used":{"minecraft:rose_bush":1,"minecraft:stone_sword":133,"minecraft:redstone":1,"minecraft:poppy":1,"minecraft:spruce_planks":16,"minecraft:shield":15,"minecraft:rotten_flesh":2,"minecraft:torch":23,"minecraft:dirt":4,"minecraft:wooden_axe":18,"minecraft:beef":2,"minecraft:furnace":1,"minecraft:cooked_beef":3,"minecraft:potato":1,"minecraft:cobbled_deepslate":6,"minecraft:cooked_mutton":1,"alexsmobs:cooked_catfish":1,"minecraft:stone_pickaxe":1,"minecraft:wooden_pickaxe":20,"minecraft:crafting_table":4,"minecraft:spruce_log":1,"minecraft:chicken":2,"minecraft:bread":7,"minecraft:iron_pickaxe":71,"minecraft:spruce_sapling":1,"minecraft:golden_helmet":1,"minecraft:stone_axe":15,"minecraft:wooden_sword":39,"minecraft:cobblestone":61,"minecraft:porkchop":3,"minecraft:cooked_porkchop":3,"alexsmobs:animal_dictionary":1},"minecraft:mined":{"minecraft:spruce_planks":4,"minecraft:deepslate_diamond_ore":2,"minecraft:dark_oak_leaves":3,"gravestone:gravestone":9,"minecraft:grass_block":10,"minecraft:redstone_wire":1,"minecraft:spruce_leaves":7,"minecraft:large_fern":5,"minecraft:spruce_sapling":1,"minecraft:pumpkin":4,"minecraft:potatoes":1,"minecraft:deepslate_iron_ore":15,"minecraft:stone":18,"minecraft:deepslate_redstone_ore":6,"mirabilis:grass_pile":2,"minecraft:poppy":2,"minecraft:rose_bush":1,"minecraft:copper_ore":10,"minecraft:cobblestone":9,"biomesoplenty:sprout":3,"minecraft:deepslate_gold_ore":3,"minecraft:diorite":1,"minecraft:wall_torch":2,"forbidden_arcanus:xpetrified_ore":2,"iter_rpg:abyss_quartz":3,"minecraft:wheat":11,"minecraft:spruce_log":9,"minecraft:grass":7,"minecraft:oak_log":1,"minecraft:coal_ore":3,"minecraft:sunflower":1,"minecraft:dirt":1,"minecraft:gold_ore":1,"minecraft:fern":7,"minecraft:deepslate":14},"minecraft:picked_up":{"minecraft:wooden_axe":1,"minecraft:crafting_table":1,"minecraft:wheat":9,"minecraft:chicken":2,"minecraft:wooden_pickaxe":3,"gravestone:obituary":3,"minecraft:shield":1,"forbidden_arcanus:xpetrified_orb":4,"minecraft:raw_copper":154,"minecraft:wooden_sword":7,"minecraft:gold_nugget":3,"minecraft:cobbled_deepslate":14,"minecraft:spruce_planks":4,"minecraft:beef":5,"minecraft:rose_bush":2,"crittersandcompanions:koi_fish":5,"minecraft:iron_nugget":7,"minecraft:poppy":2,"minecraft:iron_pickaxe":2,"crittersandcompanions:clam":1,"minecraft:egg":1,"minecraft:raw_iron":30,"minecraft:torch":2,"grimoireofgaia:box_gold":1,"securitycraft:camera_monitor":1,"minecraft:porkchop":7,"minecraft:diorite":3,"minecraft:redstone":42,"minecraft:rotten_flesh":2,"minecraft:stone_sword":3,"minecraft:gold_ingot":8,"minecraft:mutton":6,"bloodandmadness:blood_stone_shard":1,"minecraft:white_wool":9,"minecraft:cobblestone":27,"minecraft:feather":3,"minecraft:leather":5,"minecraft:potato":3,"minecraft:oak_log":1,"minecraft:dirt":11,"naturalist:bass":11,"minecraft:cooked_mutton":4,"minecraft:wheat_seeds":26,"minecraft:raw_gold":12,"minecraft:stone_pickaxe":1,"minecraft:iron_ingot":8,"minecraft:pumpkin":9,"minecraft:spruce_sapling":1,"minecraft:spruce_log":9,"grimoireofgaia:box_iron":1,"alexsmobs:raw_catfish":9,"minecraft:pumpkin_seeds":4,"minecraft:diamond":3,"minecraft:stone_axe":1,"iter_rpg:abyssquartz_shard":6,"minecraft:gray_wool":3,"minecraft:spruce_sign":1,"minecraft:coal":3,"grimoireofgaia:fur":17,"minecraft:sunflower":3}},"DataVersion":3465}