{"stats":{"minecraft:killed_by":{"securitycraft:sentry":3,"grimoireofgaia:toad":1,"minecraft:zombie":1,"grimoireofgaia:yuki_onna":2},"minecraft:custom":{"minecraft:time_since_rest":930,"minecraft:sprint_one_cm":52239,"minecraft:damage_taken":1860,"minecraft:walk_one_cm":57527,"minecraft:mob_kills":1,"minecraft:drop":2,"minecraft:damage_dealt":413,"minecraft:interact_with_crafting_table":1,"minecraft:fly_one_cm":115755,"minecraft:crouch_one_cm":3935,"minecraft:play_time":13400,"minecraft:deaths":7,"minecraft:sneak_time":459,"minecraft:jump":382,"minecraft:leave_game":1,"minecraft:time_since_death":903,"minecraft:total_world_time":13400,"minecraft:fall_one_cm":11204},"minecraft:killed":{"minecraft:zombie":1},"minecraft:crafted":{"minecraft:wooden_sword":1,"minecraft:crafting_table":1,"minecraft:spruce_planks":12,"minecraft:stick":4},"minecraft:dropped":{"minecraft:wheat_seeds":1,"gravestone:obituary":1},"minecraft:used":{"minecraft:spruce_sapling":1,"minecraft:rotten_flesh":2,"minecraft:wooden_sword":1,"minecraft:crafting_table":1,"alexsmobs:animal_dictionary":1,"minecraft:spruce_log":1},"minecraft:picked_up":{"securitycraft:camera_monitor":1,"minecraft:oak_log":1,"minecraft:spruce_sapling":1,"minecraft:spruce_log":4,"minecraft:rotten_flesh":2,"minecraft:wheat_seeds":1},"minecraft:mined":{"minecraft:large_fern":5,"minecraft:spruce_sapling":1,"minecraft:dark_oak_leaves":3,"minecraft:spruce_log":5,"gravestone:gravestone":1,"minecraft:grass":2,"minecraft:oak_log":1,"minecraft:spruce_leaves":6,"minecraft:fern":6}},"DataVersion":3465}