{"stats":{"minecraft:killed_by":{"minecraft:player":1,"minecraft:zombie":1,"securitycraft:sentry":3,"grimoireofgaia:toad":1,"naturalist:bear":1,"grimoireofgaia:yuki_onna":2},"minecraft:custom":{"minecraft:mob_kills":9,"minecraft:interact_with_crafting_table":2,"minecraft:interact_with_grindstone":2,"minecraft:leave_game":1,"minecraft:time_since_death":526,"minecraft:time_since_rest":555,"minecraft:sprint_one_cm":95071,"minecraft:damage_taken":2455,"minecraft:walk_one_cm":146100,"minecraft:drop":10,"minecraft:damage_dealt":2345,"minecraft:swim_one_cm":17873,"minecraft:fly_one_cm":174671,"minecraft:player_kills":1,"minecraft:crouch_one_cm":4850,"minecraft:play_time":25400,"minecraft:deaths":9,"minecraft:sneak_time":551,"minecraft:walk_under_water_one_cm":154,"minecraft:jump":653,"minecraft:walk_on_water_one_cm":1707,"minecraft:total_world_time":25400,"minecraft:fall_one_cm":17460},"minecraft:killed":{"minecraft:pig":2,"grimoireofgaia:yuki_onna":1,"minecraft:sheep":3,"minecraft:zombie":1,"crittersandcompanions:otter":1,"minecraft:cow":1},"minecraft:crafted":{"minecraft:wooden_sword":1,"minecraft:crafting_table":2,"minecraft:spruce_planks":88,"minecraft:wooden_pickaxe":1,"minecraft:stick":8,"minecraft:wooden_axe":1},"minecraft:dropped":{"minecraft:wheat_seeds":1,"minecraft:wooden_axe":1,"minecraft:sunflower":1,"gravestone:obituary":3,"minecraft:wooden_sword":1,"minecraft:stone_pickaxe":1,"minecraft:wooden_pickaxe":2},"minecraft:mined":{"minecraft:dark_oak_leaves":3,"gravestone:gravestone":4,"minecraft:grass_block":5,"minecraft:poppy":1,"minecraft:spruce_leaves":7,"biomesoplenty:sprout":3,"minecraft:large_fern":5,"minecraft:spruce_sapling":1,"minecraft:wheat":11,"minecraft:spruce_log":8,"minecraft:pumpkin":4,"minecraft:grass":4,"minecraft:potatoes":1,"minecraft:oak_log":1,"minecraft:sunflower":1,"minecraft:dirt":1,"minecraft:stone":17,"minecraft:fern":7},"minecraft:used":{"minecraft:stone_sword":17,"minecraft:spruce_planks":4,"minecraft:wooden_pickaxe":18,"minecraft:rotten_flesh":2,"minecraft:dirt":4,"minecraft:crafting_table":2,"minecraft:spruce_log":1,"minecraft:wooden_axe":17,"minecraft:spruce_sapling":1,"minecraft:golden_helmet":1,"minecraft:wooden_sword":39,"minecraft:beef":2,"minecraft:porkchop":3,"alexsmobs:animal_dictionary":1},"minecraft:picked_up":{"minecraft:wheat":9,"minecraft:leather":2,"minecraft:wooden_pickaxe":1,"minecraft:potato":1,"minecraft:oak_log":1,"minecraft:dirt":6,"minecraft:wheat_seeds":25,"minecraft:gold_nugget":1,"minecraft:beef":2,"minecraft:poppy":1,"minecraft:pumpkin":4,"grimoireofgaia:box_gold":1,"securitycraft:camera_monitor":1,"minecraft:porkchop":4,"minecraft:spruce_sapling":1,"minecraft:spruce_log":7,"minecraft:pumpkin_seeds":1,"minecraft:rotten_flesh":2,"minecraft:gray_wool":1,"minecraft:mutton":4,"minecraft:white_wool":2,"minecraft:cobblestone":17,"minecraft:sunflower":2}},"DataVersion":3465}