{"stats":{"minecraft:killed":{"minecraft:zombie":1},"minecraft:used":{"minecraft:rotten_flesh":2},"minecraft:custom":{"minecraft:jump":150,"minecraft:time_since_rest":70,"minecraft:deaths":1,"minecraft:damage_dealt":297,"minecraft:crouch_one_cm":456,"minecraft:sprint_one_cm":5879,"minecraft:play_time":3001,"minecraft:damage_taken":300,"minecraft:time_since_death":39,"minecraft:walk_one_cm":7674,"minecraft:sneak_time":117,"minecraft:total_world_time":3001,"minecraft:mob_kills":1,"minecraft:fall_one_cm":5608,"minecraft:fly_one_cm":12057,"minecraft:leave_game":1},"minecraft:mined":{"minecraft:oak_log":1},"minecraft:killed_by":{"minecraft:zombie":1},"minecraft:picked_up":{"minecraft:oak_log":1,"minecraft:rotten_flesh":2,"securitycraft:camera_monitor":1}},"DataVersion":3465}