{"stats":{"minecraft:killed_by":{"minecraft:player":1,"realmrpg_demons:chort":1,"grimoireofgaia:cyclops":1,"grimoireofgaia:toad":1,"grimoireofgaia:flesh_lich":1,"bloodandmadness:huntsman_axe":2,"grimoireofgaia:yuki_onna":2,"minecraft:zombie":1,"securitycraft:sentry":3,"grimoireofgaia:mimic":1,"naturalist:bear":2},"minecraft:custom":{"minecraft:mob_kills":46,"minecraft:interact_with_crafting_table":9,"minecraft:leave_game":2,"minecraft:time_since_death":6042,"minecraft:sprint_one_cm":235826,"minecraft:walk_one_cm":448074,"minecraft:damage_blocked_by_shield":1365,"minecraft:drop":95,"minecraft:talked_to_villager":32,"minecraft:play_time":75886,"minecraft:deaths":16,"minecraft:sneak_time":2991,"minecraft:walk_under_water_one_cm":23818,"minecraft:jump":1946,"minecraft:walk_on_water_one_cm":28915,"minecraft:total_world_time":75886,"minecraft:interact_with_furnace":56,"spartanshields:shield_bash_hits":4,"minecraft:interact_with_grindstone":2,"minecraft:sleep_in_bed":2,"minecraft:time_since_rest":6073,"minecraft:damage_taken":5949,"minecraft:damage_dealt":10924,"minecraft:swim_one_cm":60910,"minecraft:fly_one_cm":489018,"minecraft:player_kills":1,"minecraft:crouch_one_cm":21322,"minecraft:fall_one_cm":68737},"minecraft:killed":{"grimoireofgaia:cyclops":7,"minecraft:witch":1,"naturalist:bass":4,"realmrpg_demons:chort":1,"bloodandmadness:huntsman_axe":1,"crittersandcompanions:otter":1,"minecraft:pig":3,"naturalist:bear":1,"grimoireofgaia:yuki_onna":1,"minecraft:sheep":4,"alexsmobs:catfish":1,"minecraft:trader_llama":1,"minecraft:zombie":10,"grimoireofgaia:deathword":1,"alexsmobs:fly":2,"crittersandcompanions:koi_fish":5,"minecraft:villager":1,"minecraft:cow":1},"minecraft:crafted":{"minecraft:wooden_sword":1,"minecraft:furnace":1,"minecraft:bone_meal":3,"minecraft:cooked_mutton":5,"minecraft:iron_boots":1,"alexsmobs:cooked_catfish":3,"minecraft:cooked_beef":3,"minecraft:cooked_porkchop":4,"minecraft:crafting_table":4,"minecraft:spruce_planks":92,"minecraft:wooden_pickaxe":1,"minecraft:iron_helmet":1,"minecraft:bread":3,"minecraft:air":0,"minecraft:iron_chestplate":1,"minecraft:stick":16,"minecraft:iron_ingot":19,"minecraft:wooden_axe":1,"minecraft:iron_leggings":1,"minecraft:gold_ingot":11,"minecraft:torch":56},"minecraft:dropped":{"minecraft:spruce_sign":2,"minecraft:bread":4,"minecraft:wheat_seeds":27,"crittersandcompanions:clam":1,"minecraft:cooked_porkchop":1,"minecraft:feather":6,"minecraft:leather":6,"alexsmobs:raw_catfish":3,"minecraft:dirt":8,"minecraft:gray_wool":2,"minecraft:diorite":3,"naturalist:bass":3,"minecraft:wooden_axe":4,"minecraft:rose_bush":2,"minecraft:gold_nugget":1,"gravestone:obituary":15,"minecraft:wooden_sword":9,"minecraft:pumpkin":13,"minecraft:sunflower":4,"minecraft:stonecutter":1,"minecraft:white_wool":3,"minecraft:white_tulip":1,"minecraft:stone_axe":2,"minecraft:stone_sword":3,"minecraft:raw_copper":110,"minecraft:chicken":2,"minecraft:cooked_mutton":2,"minecraft:pumpkin_seeds":6,"minecraft:poppy":1,"crittersandcompanions:koi_fish":2,"minecraft:wooden_pickaxe":6,"minecraft:stone_pickaxe":4,"minecraft:egg":2},"minecraft:broken":{"grimoireofgaia:zombie_staff":1},"minecraft:used":{"minecraft:rose_bush":1,"minecraft:stone_sword":133,"minecraft:redstone":2,"minecraft:poppy":1,"minecraft:spruce_planks":16,"minecraft:shield":26,"minecraft:rotten_flesh":5,"minecraft:torch":29,"minecraft:dirt":4,"minecraft:wooden_axe":18,"spartanweaponry:iron_rapier":6,"minecraft:beef":2,"minecraft:furnace":1,"minecraft:cooked_beef":3,"minecraft:potato":1,"minecraft:cobbled_deepslate":20,"minecraft:cooked_mutton":1,"alexsmobs:cooked_catfish":3,"minecraft:stone_pickaxe":1,"minecraft:wooden_pickaxe":20,"minecraft:deepslate_bricks":3,"minecraft:crafting_table":4,"minecraft:spruce_log":1,"minecraft:chicken":2,"minecraft:bread":7,"minecraft:iron_pickaxe":100,"minecraft:spruce_sapling":1,"minecraft:golden_helmet":1,"minecraft:stone_axe":58,"minecraft:wooden_sword":39,"minecraft:cobblestone":63,"minecraft:porkchop":3,"minecraft:cooked_porkchop":3,"alexsmobs:animal_dictionary":1},"minecraft:mined":{"minecraft:spruce_planks":4,"minecraft:deepslate_diamond_ore":6,"minecraft:dark_oak_leaves":3,"gravestone:gravestone":12,"minecraft:grass_block":10,"minecraft:redstone_wire":1,"minecraft:deepslate_bricks":3,"minecraft:spruce_leaves":7,"minecraft:large_fern":7,"minecraft:spruce_sapling":1,"minecraft:pumpkin":4,"mirabilis:spruce_leave_carpet":1,"minecraft:potatoes":1,"minecraft:deepslate_iron_ore":15,"minecraft:white_tulip":1,"minecraft:stone":19,"minecraft:deepslate_redstone_ore":6,"minecraft:torch":1,"mirabilis:grass_pile":2,"minecraft:poppy":2,"minecraft:rose_bush":1,"minecraft:campfire":1,"minecraft:copper_ore":10,"minecraft:cobblestone":10,"biomesoplenty:sprout":3,"minecraft:deepslate_gold_ore":3,"forbidden_arcanus:petrified_root":2,"minecraft:diorite":1,"minecraft:wall_torch":2,"realmrpg_skeletons:webbed_skeleton":1,"forbidden_arcanus:xpetrified_ore":2,"iter_rpg:abyss_quartz":6,"minecraft:wheat":11,"minecraft:spruce_log":9,"minecraft:grass":10,"minecraft:oak_log":1,"minecraft:coal_ore":3,"minecraft:sunflower":1,"minecraft:dirt":1,"realmrpg_skeletons:unsaved_skeleton":1,"minecraft:gold_ore":1,"minecraft:oak_leaves":1,"minecraft:fern":20,"minecraft:deepslate":26},"minecraft:picked_up":{"minecraft:wooden_axe":1,"minecraft:charcoal":2,"minecraft:crafting_table":1,"minecraft:wheat":11,"minecraft:chicken":2,"minecraft:lead":2,"minecraft:wooden_pickaxe":3,"gravestone:obituary":3,"minecraft:shield":1,"forbidden_arcanus:xpetrified_orb":4,"minecraft:string":3,"minecraft:raw_copper":154,"minecraft:wooden_sword":7,"bloodandmadness:blood_vial":2,"minecraft:gold_nugget":3,"minecraft:cobbled_deepslate":23,"minecraft:spruce_planks":4,"minecraft:beef":5,"minecraft:white_tulip":1,"minecraft:rose_bush":2,"crittersandcompanions:koi_fish":5,"minecraft:iron_nugget":9,"minecraft:poppy":2,"minecraft:iron_pickaxe":2,"crittersandcompanions:clam":1,"minecraft:egg":1,"minecraft:stick":2,"minecraft:raw_iron":30,"minecraft:torch":2,"grimoireofgaia:box_gold":1,"securitycraft:camera_monitor":1,"minecraft:porkchop":7,"minecraft:diorite":3,"minecraft:redstone":42,"minecraft:rotten_flesh":6,"minecraft:stone_sword":3,"minecraft:deepslate_bricks":3,"minecraft:gold_ingot":8,"minecraft:mutton":6,"bloodandmadness:blood_stone_shard":1,"minecraft:white_wool":9,"minecraft:cobblestone":29,"minecraft:feather":3,"minecraft:leather":6,"minecraft:potato":3,"minecraft:oak_log":1,"minecraft:lapis_lazuli":5,"minecraft:dirt":11,"spartanweaponry:iron_rapier":1,"naturalist:bass":11,"minecraft:cooked_mutton":4,"minecraft:bone":4,"minecraft:wheat_seeds":26,"minecraft:raw_gold":12,"minecraft:stone_pickaxe":1,"minecraft:iron_ingot":8,"grimoireofgaia:zombie_staff":1,"minecraft:pumpkin":9,"minecraft:spruce_sapling":1,"minecraft:spruce_log":9,"grimoireofgaia:box_iron":1,"alexsmobs:raw_catfish":9,"minecraft:pumpkin_seeds":4,"minecraft:diamond":8,"minecraft:stone_axe":1,"iter_rpg:abyssquartz_shard":10,"minecraft:gray_wool":3,"minecraft:spruce_sign":1,"minecraft:coal":3,"grimoireofgaia:fur":17,"minecraft:sunflower":3}},"DataVersion":3465}